
insert  into attemper_calendar(CALENDAR_NAME,DISPLAY_NAME) values ('A_Stock','A股交易日');
insert  into attemper_calendar(CALENDAR_NAME,DISPLAY_NAME) values ('China_Legal','中国法定节假日');
insert  into attemper_calendar(CALENDAR_NAME,DISPLAY_NAME) values ('Working','工作日');

/*Data for the table attemper_calendar_day */


insert into attemper_calendar_day (CALENDAR_NAME, DAY_NUM, REMARK) values('A_Stock','20200101','元旦');
insert into attemper_calendar_day (CALENDAR_NAME, DAY_NUM, REMARK) values('A_Stock','20200104','周末');
insert into attemper_calendar_day (CALENDAR_NAME, DAY_NUM, REMARK) values('A_Stock','20200105','周末');
insert into attemper_calendar_day (CALENDAR_NAME, DAY_NUM, REMARK) values('A_Stock','20200111','周末');
insert into attemper_calendar_day (CALENDAR_NAME, DAY_NUM, REMARK) values('A_Stock','20200112','周末');
insert into attemper_calendar_day (CALENDAR_NAME, DAY_NUM, REMARK) values('A_Stock','20200118','周末');
insert into attemper_calendar_day (CALENDAR_NAME, DAY_NUM, REMARK) values('A_Stock','20200119','周末');
insert into attemper_calendar_day (CALENDAR_NAME, DAY_NUM, REMARK) values('A_Stock','20200124','春节');
insert into attemper_calendar_day (CALENDAR_NAME, DAY_NUM, REMARK) values('A_Stock','20200125','周末');
insert into attemper_calendar_day (CALENDAR_NAME, DAY_NUM, REMARK) values('A_Stock','20200126','周末');
insert into attemper_calendar_day (CALENDAR_NAME, DAY_NUM, REMARK) values('A_Stock','20200127','春节');
insert into attemper_calendar_day (CALENDAR_NAME, DAY_NUM, REMARK) values('A_Stock','20200128','春节');
insert into attemper_calendar_day (CALENDAR_NAME, DAY_NUM, REMARK) values('A_Stock','20200129','春节');
insert into attemper_calendar_day (CALENDAR_NAME, DAY_NUM, REMARK) values('A_Stock','20200130','春节');
insert into attemper_calendar_day (CALENDAR_NAME, DAY_NUM, REMARK) values('A_Stock','20200201','周末');
insert into attemper_calendar_day (CALENDAR_NAME, DAY_NUM, REMARK) values('A_Stock','20200202','周末');
insert into attemper_calendar_day (CALENDAR_NAME, DAY_NUM, REMARK) values('A_Stock','20200208','周末');
insert into attemper_calendar_day (CALENDAR_NAME, DAY_NUM, REMARK) values('A_Stock','20200209','周末');
insert into attemper_calendar_day (CALENDAR_NAME, DAY_NUM, REMARK) values('A_Stock','20200215','周末');
insert into attemper_calendar_day (CALENDAR_NAME, DAY_NUM, REMARK) values('A_Stock','20200216','周末');
insert into attemper_calendar_day (CALENDAR_NAME, DAY_NUM, REMARK) values('A_Stock','20200222','周末');
insert into attemper_calendar_day (CALENDAR_NAME, DAY_NUM, REMARK) values('A_Stock','20200223','周末');
insert into attemper_calendar_day (CALENDAR_NAME, DAY_NUM, REMARK) values('A_Stock','20200229','周末');
insert into attemper_calendar_day (CALENDAR_NAME, DAY_NUM, REMARK) values('A_Stock','20200301','周末');
insert into attemper_calendar_day (CALENDAR_NAME, DAY_NUM, REMARK) values('A_Stock','20200307','周末');
insert into attemper_calendar_day (CALENDAR_NAME, DAY_NUM, REMARK) values('A_Stock','20200308','周末');
insert into attemper_calendar_day (CALENDAR_NAME, DAY_NUM, REMARK) values('A_Stock','20200314','周末');
insert into attemper_calendar_day (CALENDAR_NAME, DAY_NUM, REMARK) values('A_Stock','20200315','周末');
insert into attemper_calendar_day (CALENDAR_NAME, DAY_NUM, REMARK) values('A_Stock','20200321','周末');
insert into attemper_calendar_day (CALENDAR_NAME, DAY_NUM, REMARK) values('A_Stock','20200322','周末');
insert into attemper_calendar_day (CALENDAR_NAME, DAY_NUM, REMARK) values('A_Stock','20200328','周末');
insert into attemper_calendar_day (CALENDAR_NAME, DAY_NUM, REMARK) values('A_Stock','20200329','周末');
insert into attemper_calendar_day (CALENDAR_NAME, DAY_NUM, REMARK) values('A_Stock','20200404','周末');
insert into attemper_calendar_day (CALENDAR_NAME, DAY_NUM, REMARK) values('A_Stock','20200405','周末');
insert into attemper_calendar_day (CALENDAR_NAME, DAY_NUM, REMARK) values('A_Stock','20200406','清明节');
insert into attemper_calendar_day (CALENDAR_NAME, DAY_NUM, REMARK) values('A_Stock','20200411','周末');
insert into attemper_calendar_day (CALENDAR_NAME, DAY_NUM, REMARK) values('A_Stock','20200412','周末');
insert into attemper_calendar_day (CALENDAR_NAME, DAY_NUM, REMARK) values('A_Stock','20200418','周末');
insert into attemper_calendar_day (CALENDAR_NAME, DAY_NUM, REMARK) values('A_Stock','20200419','周末');
insert into attemper_calendar_day (CALENDAR_NAME, DAY_NUM, REMARK) values('A_Stock','20200425','周末');
insert into attemper_calendar_day (CALENDAR_NAME, DAY_NUM, REMARK) values('A_Stock','20200426','周末');
insert into attemper_calendar_day (CALENDAR_NAME, DAY_NUM, REMARK) values('A_Stock','20200501','劳动节');
insert into attemper_calendar_day (CALENDAR_NAME, DAY_NUM, REMARK) values('A_Stock','20200502','周末');
insert into attemper_calendar_day (CALENDAR_NAME, DAY_NUM, REMARK) values('A_Stock','20200503','周末');
insert into attemper_calendar_day (CALENDAR_NAME, DAY_NUM, REMARK) values('A_Stock','20200504','劳动节');
insert into attemper_calendar_day (CALENDAR_NAME, DAY_NUM, REMARK) values('A_Stock','20200505','劳动节');
insert into attemper_calendar_day (CALENDAR_NAME, DAY_NUM, REMARK) values('A_Stock','20200509','周末');
insert into attemper_calendar_day (CALENDAR_NAME, DAY_NUM, REMARK) values('A_Stock','20200510','周末');
insert into attemper_calendar_day (CALENDAR_NAME, DAY_NUM, REMARK) values('A_Stock','20200516','周末');
insert into attemper_calendar_day (CALENDAR_NAME, DAY_NUM, REMARK) values('A_Stock','20200517','周末');
insert into attemper_calendar_day (CALENDAR_NAME, DAY_NUM, REMARK) values('A_Stock','20200523','周末');
insert into attemper_calendar_day (CALENDAR_NAME, DAY_NUM, REMARK) values('A_Stock','20200524','周末');
insert into attemper_calendar_day (CALENDAR_NAME, DAY_NUM, REMARK) values('A_Stock','20200530','周末');
insert into attemper_calendar_day (CALENDAR_NAME, DAY_NUM, REMARK) values('A_Stock','20200531','周末');
insert into attemper_calendar_day (CALENDAR_NAME, DAY_NUM, REMARK) values('A_Stock','20200606','周末');
insert into attemper_calendar_day (CALENDAR_NAME, DAY_NUM, REMARK) values('A_Stock','20200607','周末');
insert into attemper_calendar_day (CALENDAR_NAME, DAY_NUM, REMARK) values('A_Stock','20200613','周末');
insert into attemper_calendar_day (CALENDAR_NAME, DAY_NUM, REMARK) values('A_Stock','20200614','周末');
insert into attemper_calendar_day (CALENDAR_NAME, DAY_NUM, REMARK) values('A_Stock','20200620','周末');
insert into attemper_calendar_day (CALENDAR_NAME, DAY_NUM, REMARK) values('A_Stock','20200621','周末');
insert into attemper_calendar_day (CALENDAR_NAME, DAY_NUM, REMARK) values('A_Stock','20200625','端午节');
insert into attemper_calendar_day (CALENDAR_NAME, DAY_NUM, REMARK) values('A_Stock','20200626','端午节');
insert into attemper_calendar_day (CALENDAR_NAME, DAY_NUM, REMARK) values('A_Stock','20200627','周末');
insert into attemper_calendar_day (CALENDAR_NAME, DAY_NUM, REMARK) values('A_Stock','20200628','周末');
insert into attemper_calendar_day (CALENDAR_NAME, DAY_NUM, REMARK) values('A_Stock','20200704','周末');
insert into attemper_calendar_day (CALENDAR_NAME, DAY_NUM, REMARK) values('A_Stock','20200705','周末');
insert into attemper_calendar_day (CALENDAR_NAME, DAY_NUM, REMARK) values('A_Stock','20200711','周末');
insert into attemper_calendar_day (CALENDAR_NAME, DAY_NUM, REMARK) values('A_Stock','20200712','周末');
insert into attemper_calendar_day (CALENDAR_NAME, DAY_NUM, REMARK) values('A_Stock','20200718','周末');
insert into attemper_calendar_day (CALENDAR_NAME, DAY_NUM, REMARK) values('A_Stock','20200719','周末');
insert into attemper_calendar_day (CALENDAR_NAME, DAY_NUM, REMARK) values('A_Stock','20200725','周末');
insert into attemper_calendar_day (CALENDAR_NAME, DAY_NUM, REMARK) values('A_Stock','20200726','周末');
insert into attemper_calendar_day (CALENDAR_NAME, DAY_NUM, REMARK) values('A_Stock','20200801','周末');
insert into attemper_calendar_day (CALENDAR_NAME, DAY_NUM, REMARK) values('A_Stock','20200802','周末');
insert into attemper_calendar_day (CALENDAR_NAME, DAY_NUM, REMARK) values('A_Stock','20200808','周末');
insert into attemper_calendar_day (CALENDAR_NAME, DAY_NUM, REMARK) values('A_Stock','20200809','周末');
insert into attemper_calendar_day (CALENDAR_NAME, DAY_NUM, REMARK) values('A_Stock','20200815','周末');
insert into attemper_calendar_day (CALENDAR_NAME, DAY_NUM, REMARK) values('A_Stock','20200816','周末');
insert into attemper_calendar_day (CALENDAR_NAME, DAY_NUM, REMARK) values('A_Stock','20200822','周末');
insert into attemper_calendar_day (CALENDAR_NAME, DAY_NUM, REMARK) values('A_Stock','20200823','周末');
insert into attemper_calendar_day (CALENDAR_NAME, DAY_NUM, REMARK) values('A_Stock','20200829','周末');
insert into attemper_calendar_day (CALENDAR_NAME, DAY_NUM, REMARK) values('A_Stock','20200830','周末');
insert into attemper_calendar_day (CALENDAR_NAME, DAY_NUM, REMARK) values('A_Stock','20200905','周末');
insert into attemper_calendar_day (CALENDAR_NAME, DAY_NUM, REMARK) values('A_Stock','20200906','周末');
insert into attemper_calendar_day (CALENDAR_NAME, DAY_NUM, REMARK) values('A_Stock','20200912','周末');
insert into attemper_calendar_day (CALENDAR_NAME, DAY_NUM, REMARK) values('A_Stock','20200913','周末');
insert into attemper_calendar_day (CALENDAR_NAME, DAY_NUM, REMARK) values('A_Stock','20200919','周末');
insert into attemper_calendar_day (CALENDAR_NAME, DAY_NUM, REMARK) values('A_Stock','20200920','周末');
insert into attemper_calendar_day (CALENDAR_NAME, DAY_NUM, REMARK) values('A_Stock','20200926','周末');
insert into attemper_calendar_day (CALENDAR_NAME, DAY_NUM, REMARK) values('A_Stock','20200927','周末');
insert into attemper_calendar_day (CALENDAR_NAME, DAY_NUM, REMARK) values('A_Stock','20201001','国庆节、中秋节');
insert into attemper_calendar_day (CALENDAR_NAME, DAY_NUM, REMARK) values('A_Stock','20201002','国庆节');
insert into attemper_calendar_day (CALENDAR_NAME, DAY_NUM, REMARK) values('A_Stock','20201003','周末');
insert into attemper_calendar_day (CALENDAR_NAME, DAY_NUM, REMARK) values('A_Stock','20201004','周末');
insert into attemper_calendar_day (CALENDAR_NAME, DAY_NUM, REMARK) values('A_Stock','20201005','国庆节');
insert into attemper_calendar_day (CALENDAR_NAME, DAY_NUM, REMARK) values('A_Stock','20201006','国庆节');
insert into attemper_calendar_day (CALENDAR_NAME, DAY_NUM, REMARK) values('A_Stock','20201007','国庆节');
insert into attemper_calendar_day (CALENDAR_NAME, DAY_NUM, REMARK) values('A_Stock','20201008','国庆节');
insert into attemper_calendar_day (CALENDAR_NAME, DAY_NUM, REMARK) values('A_Stock','20201010','周末');
insert into attemper_calendar_day (CALENDAR_NAME, DAY_NUM, REMARK) values('A_Stock','20201011','周末');
insert into attemper_calendar_day (CALENDAR_NAME, DAY_NUM, REMARK) values('A_Stock','20201017','周末');
insert into attemper_calendar_day (CALENDAR_NAME, DAY_NUM, REMARK) values('A_Stock','20201018','周末');
insert into attemper_calendar_day (CALENDAR_NAME, DAY_NUM, REMARK) values('A_Stock','20201024','周末');
insert into attemper_calendar_day (CALENDAR_NAME, DAY_NUM, REMARK) values('A_Stock','20201025','周末');
insert into attemper_calendar_day (CALENDAR_NAME, DAY_NUM, REMARK) values('A_Stock','20201031','周末');
insert into attemper_calendar_day (CALENDAR_NAME, DAY_NUM, REMARK) values('A_Stock','20201101','周末');
insert into attemper_calendar_day (CALENDAR_NAME, DAY_NUM, REMARK) values('A_Stock','20201107','周末');
insert into attemper_calendar_day (CALENDAR_NAME, DAY_NUM, REMARK) values('A_Stock','20201108','周末');
insert into attemper_calendar_day (CALENDAR_NAME, DAY_NUM, REMARK) values('A_Stock','20201114','周末');
insert into attemper_calendar_day (CALENDAR_NAME, DAY_NUM, REMARK) values('A_Stock','20201115','周末');
insert into attemper_calendar_day (CALENDAR_NAME, DAY_NUM, REMARK) values('A_Stock','20201121','周末');
insert into attemper_calendar_day (CALENDAR_NAME, DAY_NUM, REMARK) values('A_Stock','20201122','周末');
insert into attemper_calendar_day (CALENDAR_NAME, DAY_NUM, REMARK) values('A_Stock','20201128','周末');
insert into attemper_calendar_day (CALENDAR_NAME, DAY_NUM, REMARK) values('A_Stock','20201129','周末');
insert into attemper_calendar_day (CALENDAR_NAME, DAY_NUM, REMARK) values('A_Stock','20201205','周末');
insert into attemper_calendar_day (CALENDAR_NAME, DAY_NUM, REMARK) values('A_Stock','20201206','周末');
insert into attemper_calendar_day (CALENDAR_NAME, DAY_NUM, REMARK) values('A_Stock','20201212','周末');
insert into attemper_calendar_day (CALENDAR_NAME, DAY_NUM, REMARK) values('A_Stock','20201213','周末');
insert into attemper_calendar_day (CALENDAR_NAME, DAY_NUM, REMARK) values('A_Stock','20201219','周末');
insert into attemper_calendar_day (CALENDAR_NAME, DAY_NUM, REMARK) values('A_Stock','20201220','周末');
insert into attemper_calendar_day (CALENDAR_NAME, DAY_NUM, REMARK) values('A_Stock','20201226','周末');
insert into attemper_calendar_day (CALENDAR_NAME, DAY_NUM, REMARK) values('A_Stock','20201227','周末');
insert into attemper_calendar_day (CALENDAR_NAME, DAY_NUM, REMARK) values('China_Legal','20200101','元旦');
insert into attemper_calendar_day (CALENDAR_NAME, DAY_NUM, REMARK) values('China_Legal','20200104','周末');
insert into attemper_calendar_day (CALENDAR_NAME, DAY_NUM, REMARK) values('China_Legal','20200105','周末');
insert into attemper_calendar_day (CALENDAR_NAME, DAY_NUM, REMARK) values('China_Legal','20200111','周末');
insert into attemper_calendar_day (CALENDAR_NAME, DAY_NUM, REMARK) values('China_Legal','20200112','周末');
insert into attemper_calendar_day (CALENDAR_NAME, DAY_NUM, REMARK) values('China_Legal','20200118','周末');
insert into attemper_calendar_day (CALENDAR_NAME, DAY_NUM, REMARK) values('China_Legal','20200124','春节');
insert into attemper_calendar_day (CALENDAR_NAME, DAY_NUM, REMARK) values('China_Legal','20200125','周末');
insert into attemper_calendar_day (CALENDAR_NAME, DAY_NUM, REMARK) values('China_Legal','20200126','周末');
insert into attemper_calendar_day (CALENDAR_NAME, DAY_NUM, REMARK) values('China_Legal','20200127','春节');
insert into attemper_calendar_day (CALENDAR_NAME, DAY_NUM, REMARK) values('China_Legal','20200128','春节');
insert into attemper_calendar_day (CALENDAR_NAME, DAY_NUM, REMARK) values('China_Legal','20200129','春节');
insert into attemper_calendar_day (CALENDAR_NAME, DAY_NUM, REMARK) values('China_Legal','20200130','春节');
insert into attemper_calendar_day (CALENDAR_NAME, DAY_NUM, REMARK) values('China_Legal','20200202','周末');
insert into attemper_calendar_day (CALENDAR_NAME, DAY_NUM, REMARK) values('China_Legal','20200208','周末');
insert into attemper_calendar_day (CALENDAR_NAME, DAY_NUM, REMARK) values('China_Legal','20200209','周末');
insert into attemper_calendar_day (CALENDAR_NAME, DAY_NUM, REMARK) values('China_Legal','20200215','周末');
insert into attemper_calendar_day (CALENDAR_NAME, DAY_NUM, REMARK) values('China_Legal','20200216','周末');
insert into attemper_calendar_day (CALENDAR_NAME, DAY_NUM, REMARK) values('China_Legal','20200222','周末');
insert into attemper_calendar_day (CALENDAR_NAME, DAY_NUM, REMARK) values('China_Legal','20200223','周末');
insert into attemper_calendar_day (CALENDAR_NAME, DAY_NUM, REMARK) values('China_Legal','20200229','周末');
insert into attemper_calendar_day (CALENDAR_NAME, DAY_NUM, REMARK) values('China_Legal','20200301','周末');
insert into attemper_calendar_day (CALENDAR_NAME, DAY_NUM, REMARK) values('China_Legal','20200307','周末');
insert into attemper_calendar_day (CALENDAR_NAME, DAY_NUM, REMARK) values('China_Legal','20200308','周末');
insert into attemper_calendar_day (CALENDAR_NAME, DAY_NUM, REMARK) values('China_Legal','20200314','周末');
insert into attemper_calendar_day (CALENDAR_NAME, DAY_NUM, REMARK) values('China_Legal','20200315','周末');
insert into attemper_calendar_day (CALENDAR_NAME, DAY_NUM, REMARK) values('China_Legal','20200321','周末');
insert into attemper_calendar_day (CALENDAR_NAME, DAY_NUM, REMARK) values('China_Legal','20200322','周末');
insert into attemper_calendar_day (CALENDAR_NAME, DAY_NUM, REMARK) values('China_Legal','20200328','周末');
insert into attemper_calendar_day (CALENDAR_NAME, DAY_NUM, REMARK) values('China_Legal','20200329','周末');
insert into attemper_calendar_day (CALENDAR_NAME, DAY_NUM, REMARK) values('China_Legal','20200404','周末');
insert into attemper_calendar_day (CALENDAR_NAME, DAY_NUM, REMARK) values('China_Legal','20200405','周末');
insert into attemper_calendar_day (CALENDAR_NAME, DAY_NUM, REMARK) values('China_Legal','20200406','清明节');
insert into attemper_calendar_day (CALENDAR_NAME, DAY_NUM, REMARK) values('China_Legal','20200411','周末');
insert into attemper_calendar_day (CALENDAR_NAME, DAY_NUM, REMARK) values('China_Legal','20200412','周末');
insert into attemper_calendar_day (CALENDAR_NAME, DAY_NUM, REMARK) values('China_Legal','20200418','周末');
insert into attemper_calendar_day (CALENDAR_NAME, DAY_NUM, REMARK) values('China_Legal','20200419','周末');
insert into attemper_calendar_day (CALENDAR_NAME, DAY_NUM, REMARK) values('China_Legal','20200425','周末');
insert into attemper_calendar_day (CALENDAR_NAME, DAY_NUM, REMARK) values('China_Legal','20200501','劳动节');
insert into attemper_calendar_day (CALENDAR_NAME, DAY_NUM, REMARK) values('China_Legal','20200502','周末');
insert into attemper_calendar_day (CALENDAR_NAME, DAY_NUM, REMARK) values('China_Legal','20200503','周末');
insert into attemper_calendar_day (CALENDAR_NAME, DAY_NUM, REMARK) values('China_Legal','20200504','劳动节');
insert into attemper_calendar_day (CALENDAR_NAME, DAY_NUM, REMARK) values('China_Legal','20200505','劳动节');
insert into attemper_calendar_day (CALENDAR_NAME, DAY_NUM, REMARK) values('China_Legal','20200510','周末');
insert into attemper_calendar_day (CALENDAR_NAME, DAY_NUM, REMARK) values('China_Legal','20200516','周末');
insert into attemper_calendar_day (CALENDAR_NAME, DAY_NUM, REMARK) values('China_Legal','20200517','周末');
insert into attemper_calendar_day (CALENDAR_NAME, DAY_NUM, REMARK) values('China_Legal','20200523','周末');
insert into attemper_calendar_day (CALENDAR_NAME, DAY_NUM, REMARK) values('China_Legal','20200524','周末');
insert into attemper_calendar_day (CALENDAR_NAME, DAY_NUM, REMARK) values('China_Legal','20200530','周末');
insert into attemper_calendar_day (CALENDAR_NAME, DAY_NUM, REMARK) values('China_Legal','20200531','周末');
insert into attemper_calendar_day (CALENDAR_NAME, DAY_NUM, REMARK) values('China_Legal','20200606','周末');
insert into attemper_calendar_day (CALENDAR_NAME, DAY_NUM, REMARK) values('China_Legal','20200607','周末');
insert into attemper_calendar_day (CALENDAR_NAME, DAY_NUM, REMARK) values('China_Legal','20200613','周末');
insert into attemper_calendar_day (CALENDAR_NAME, DAY_NUM, REMARK) values('China_Legal','20200614','周末');
insert into attemper_calendar_day (CALENDAR_NAME, DAY_NUM, REMARK) values('China_Legal','20200620','周末');
insert into attemper_calendar_day (CALENDAR_NAME, DAY_NUM, REMARK) values('China_Legal','20200621','周末');
insert into attemper_calendar_day (CALENDAR_NAME, DAY_NUM, REMARK) values('China_Legal','20200625','端午节');
insert into attemper_calendar_day (CALENDAR_NAME, DAY_NUM, REMARK) values('China_Legal','20200626','端午节');
insert into attemper_calendar_day (CALENDAR_NAME, DAY_NUM, REMARK) values('China_Legal','20200627','周末');
insert into attemper_calendar_day (CALENDAR_NAME, DAY_NUM, REMARK) values('China_Legal','20200704','周末');
insert into attemper_calendar_day (CALENDAR_NAME, DAY_NUM, REMARK) values('China_Legal','20200705','周末');
insert into attemper_calendar_day (CALENDAR_NAME, DAY_NUM, REMARK) values('China_Legal','20200711','周末');
insert into attemper_calendar_day (CALENDAR_NAME, DAY_NUM, REMARK) values('China_Legal','20200712','周末');
insert into attemper_calendar_day (CALENDAR_NAME, DAY_NUM, REMARK) values('China_Legal','20200718','周末');
insert into attemper_calendar_day (CALENDAR_NAME, DAY_NUM, REMARK) values('China_Legal','20200719','周末');
insert into attemper_calendar_day (CALENDAR_NAME, DAY_NUM, REMARK) values('China_Legal','20200725','周末');
insert into attemper_calendar_day (CALENDAR_NAME, DAY_NUM, REMARK) values('China_Legal','20200726','周末');
insert into attemper_calendar_day (CALENDAR_NAME, DAY_NUM, REMARK) values('China_Legal','20200801','周末');
insert into attemper_calendar_day (CALENDAR_NAME, DAY_NUM, REMARK) values('China_Legal','20200802','周末');
insert into attemper_calendar_day (CALENDAR_NAME, DAY_NUM, REMARK) values('China_Legal','20200808','周末');
insert into attemper_calendar_day (CALENDAR_NAME, DAY_NUM, REMARK) values('China_Legal','20200809','周末');
insert into attemper_calendar_day (CALENDAR_NAME, DAY_NUM, REMARK) values('China_Legal','20200815','周末');
insert into attemper_calendar_day (CALENDAR_NAME, DAY_NUM, REMARK) values('China_Legal','20200816','周末');
insert into attemper_calendar_day (CALENDAR_NAME, DAY_NUM, REMARK) values('China_Legal','20200822','周末');
insert into attemper_calendar_day (CALENDAR_NAME, DAY_NUM, REMARK) values('China_Legal','20200823','周末');
insert into attemper_calendar_day (CALENDAR_NAME, DAY_NUM, REMARK) values('China_Legal','20200829','周末');
insert into attemper_calendar_day (CALENDAR_NAME, DAY_NUM, REMARK) values('China_Legal','20200830','周末');
insert into attemper_calendar_day (CALENDAR_NAME, DAY_NUM, REMARK) values('China_Legal','20200905','周末');
insert into attemper_calendar_day (CALENDAR_NAME, DAY_NUM, REMARK) values('China_Legal','20200906','周末');
insert into attemper_calendar_day (CALENDAR_NAME, DAY_NUM, REMARK) values('China_Legal','20200912','周末');
insert into attemper_calendar_day (CALENDAR_NAME, DAY_NUM, REMARK) values('China_Legal','20200913','周末');
insert into attemper_calendar_day (CALENDAR_NAME, DAY_NUM, REMARK) values('China_Legal','20200919','周末');
insert into attemper_calendar_day (CALENDAR_NAME, DAY_NUM, REMARK) values('China_Legal','20200920','周末');
insert into attemper_calendar_day (CALENDAR_NAME, DAY_NUM, REMARK) values('China_Legal','20200926','周末');
insert into attemper_calendar_day (CALENDAR_NAME, DAY_NUM, REMARK) values('China_Legal','20201001','国庆节、中秋节');
insert into attemper_calendar_day (CALENDAR_NAME, DAY_NUM, REMARK) values('China_Legal','20201002','国庆节');
insert into attemper_calendar_day (CALENDAR_NAME, DAY_NUM, REMARK) values('China_Legal','20201003','周末');
insert into attemper_calendar_day (CALENDAR_NAME, DAY_NUM, REMARK) values('China_Legal','20201004','周末');
insert into attemper_calendar_day (CALENDAR_NAME, DAY_NUM, REMARK) values('China_Legal','20201005','国庆节');
insert into attemper_calendar_day (CALENDAR_NAME, DAY_NUM, REMARK) values('China_Legal','20201006','国庆节');
insert into attemper_calendar_day (CALENDAR_NAME, DAY_NUM, REMARK) values('China_Legal','20201007','国庆节');
insert into attemper_calendar_day (CALENDAR_NAME, DAY_NUM, REMARK) values('China_Legal','20201008','国庆节');
insert into attemper_calendar_day (CALENDAR_NAME, DAY_NUM, REMARK) values('China_Legal','20201011','周末');
insert into attemper_calendar_day (CALENDAR_NAME, DAY_NUM, REMARK) values('China_Legal','20201017','周末');
insert into attemper_calendar_day (CALENDAR_NAME, DAY_NUM, REMARK) values('China_Legal','20201018','周末');
insert into attemper_calendar_day (CALENDAR_NAME, DAY_NUM, REMARK) values('China_Legal','20201024','周末');
insert into attemper_calendar_day (CALENDAR_NAME, DAY_NUM, REMARK) values('China_Legal','20201025','周末');
insert into attemper_calendar_day (CALENDAR_NAME, DAY_NUM, REMARK) values('China_Legal','20201031','周末');
insert into attemper_calendar_day (CALENDAR_NAME, DAY_NUM, REMARK) values('China_Legal','20201101','周末');
insert into attemper_calendar_day (CALENDAR_NAME, DAY_NUM, REMARK) values('China_Legal','20201107','周末');
insert into attemper_calendar_day (CALENDAR_NAME, DAY_NUM, REMARK) values('China_Legal','20201108','周末');
insert into attemper_calendar_day (CALENDAR_NAME, DAY_NUM, REMARK) values('China_Legal','20201114','周末');
insert into attemper_calendar_day (CALENDAR_NAME, DAY_NUM, REMARK) values('China_Legal','20201115','周末');
insert into attemper_calendar_day (CALENDAR_NAME, DAY_NUM, REMARK) values('China_Legal','20201121','周末');
insert into attemper_calendar_day (CALENDAR_NAME, DAY_NUM, REMARK) values('China_Legal','20201122','周末');
insert into attemper_calendar_day (CALENDAR_NAME, DAY_NUM, REMARK) values('China_Legal','20201128','周末');
insert into attemper_calendar_day (CALENDAR_NAME, DAY_NUM, REMARK) values('China_Legal','20201129','周末');
insert into attemper_calendar_day (CALENDAR_NAME, DAY_NUM, REMARK) values('China_Legal','20201205','周末');
insert into attemper_calendar_day (CALENDAR_NAME, DAY_NUM, REMARK) values('China_Legal','20201206','周末');
insert into attemper_calendar_day (CALENDAR_NAME, DAY_NUM, REMARK) values('China_Legal','20201212','周末');
insert into attemper_calendar_day (CALENDAR_NAME, DAY_NUM, REMARK) values('China_Legal','20201213','周末');
insert into attemper_calendar_day (CALENDAR_NAME, DAY_NUM, REMARK) values('China_Legal','20201219','周末');
insert into attemper_calendar_day (CALENDAR_NAME, DAY_NUM, REMARK) values('China_Legal','20201220','周末');
insert into attemper_calendar_day (CALENDAR_NAME, DAY_NUM, REMARK) values('China_Legal','20201226','周末');
insert into attemper_calendar_day (CALENDAR_NAME, DAY_NUM, REMARK) values('China_Legal','20201227','周末');
insert into attemper_calendar_day (CALENDAR_NAME, DAY_NUM, REMARK) values('Working','20200104','周末');
insert into attemper_calendar_day (CALENDAR_NAME, DAY_NUM, REMARK) values('Working','20200105','周末');
insert into attemper_calendar_day (CALENDAR_NAME, DAY_NUM, REMARK) values('Working','20200111','周末');
insert into attemper_calendar_day (CALENDAR_NAME, DAY_NUM, REMARK) values('Working','20200112','周末');
insert into attemper_calendar_day (CALENDAR_NAME, DAY_NUM, REMARK) values('Working','20200118','周末');
insert into attemper_calendar_day (CALENDAR_NAME, DAY_NUM, REMARK) values('Working','20200119','周末');
insert into attemper_calendar_day (CALENDAR_NAME, DAY_NUM, REMARK) values('Working','20200125','周末');
insert into attemper_calendar_day (CALENDAR_NAME, DAY_NUM, REMARK) values('Working','20200126','周末');
insert into attemper_calendar_day (CALENDAR_NAME, DAY_NUM, REMARK) values('Working','20200201','周末');
insert into attemper_calendar_day (CALENDAR_NAME, DAY_NUM, REMARK) values('Working','20200202','周末');
insert into attemper_calendar_day (CALENDAR_NAME, DAY_NUM, REMARK) values('Working','20200208','周末');
insert into attemper_calendar_day (CALENDAR_NAME, DAY_NUM, REMARK) values('Working','20200209','周末');
insert into attemper_calendar_day (CALENDAR_NAME, DAY_NUM, REMARK) values('Working','20200215','周末');
insert into attemper_calendar_day (CALENDAR_NAME, DAY_NUM, REMARK) values('Working','20200216','周末');
insert into attemper_calendar_day (CALENDAR_NAME, DAY_NUM, REMARK) values('Working','20200222','周末');
insert into attemper_calendar_day (CALENDAR_NAME, DAY_NUM, REMARK) values('Working','20200223','周末');
insert into attemper_calendar_day (CALENDAR_NAME, DAY_NUM, REMARK) values('Working','20200229','周末');
insert into attemper_calendar_day (CALENDAR_NAME, DAY_NUM, REMARK) values('Working','20200301','周末');
insert into attemper_calendar_day (CALENDAR_NAME, DAY_NUM, REMARK) values('Working','20200307','周末');
insert into attemper_calendar_day (CALENDAR_NAME, DAY_NUM, REMARK) values('Working','20200308','周末');
insert into attemper_calendar_day (CALENDAR_NAME, DAY_NUM, REMARK) values('Working','20200314','周末');
insert into attemper_calendar_day (CALENDAR_NAME, DAY_NUM, REMARK) values('Working','20200315','周末');
insert into attemper_calendar_day (CALENDAR_NAME, DAY_NUM, REMARK) values('Working','20200321','周末');
insert into attemper_calendar_day (CALENDAR_NAME, DAY_NUM, REMARK) values('Working','20200322','周末');
insert into attemper_calendar_day (CALENDAR_NAME, DAY_NUM, REMARK) values('Working','20200328','周末');
insert into attemper_calendar_day (CALENDAR_NAME, DAY_NUM, REMARK) values('Working','20200329','周末');
insert into attemper_calendar_day (CALENDAR_NAME, DAY_NUM, REMARK) values('Working','20200404','周末');
insert into attemper_calendar_day (CALENDAR_NAME, DAY_NUM, REMARK) values('Working','20200405','周末');
insert into attemper_calendar_day (CALENDAR_NAME, DAY_NUM, REMARK) values('Working','20200411','周末');
insert into attemper_calendar_day (CALENDAR_NAME, DAY_NUM, REMARK) values('Working','20200412','周末');
insert into attemper_calendar_day (CALENDAR_NAME, DAY_NUM, REMARK) values('Working','20200418','周末');
insert into attemper_calendar_day (CALENDAR_NAME, DAY_NUM, REMARK) values('Working','20200419','周末');
insert into attemper_calendar_day (CALENDAR_NAME, DAY_NUM, REMARK) values('Working','20200425','周末');
insert into attemper_calendar_day (CALENDAR_NAME, DAY_NUM, REMARK) values('Working','20200426','周末');
insert into attemper_calendar_day (CALENDAR_NAME, DAY_NUM, REMARK) values('Working','20200502','周末');
insert into attemper_calendar_day (CALENDAR_NAME, DAY_NUM, REMARK) values('Working','20200503','周末');
insert into attemper_calendar_day (CALENDAR_NAME, DAY_NUM, REMARK) values('Working','20200509','周末');
insert into attemper_calendar_day (CALENDAR_NAME, DAY_NUM, REMARK) values('Working','20200510','周末');
insert into attemper_calendar_day (CALENDAR_NAME, DAY_NUM, REMARK) values('Working','20200516','周末');
insert into attemper_calendar_day (CALENDAR_NAME, DAY_NUM, REMARK) values('Working','20200517','周末');
insert into attemper_calendar_day (CALENDAR_NAME, DAY_NUM, REMARK) values('Working','20200523','周末');
insert into attemper_calendar_day (CALENDAR_NAME, DAY_NUM, REMARK) values('Working','20200524','周末');
insert into attemper_calendar_day (CALENDAR_NAME, DAY_NUM, REMARK) values('Working','20200530','周末');
insert into attemper_calendar_day (CALENDAR_NAME, DAY_NUM, REMARK) values('Working','20200531','周末');
insert into attemper_calendar_day (CALENDAR_NAME, DAY_NUM, REMARK) values('Working','20200606','周末');
insert into attemper_calendar_day (CALENDAR_NAME, DAY_NUM, REMARK) values('Working','20200607','周末');
insert into attemper_calendar_day (CALENDAR_NAME, DAY_NUM, REMARK) values('Working','20200613','周末');
insert into attemper_calendar_day (CALENDAR_NAME, DAY_NUM, REMARK) values('Working','20200614','周末');
insert into attemper_calendar_day (CALENDAR_NAME, DAY_NUM, REMARK) values('Working','20200620','周末');
insert into attemper_calendar_day (CALENDAR_NAME, DAY_NUM, REMARK) values('Working','20200621','周末');
insert into attemper_calendar_day (CALENDAR_NAME, DAY_NUM, REMARK) values('Working','20200627','周末');
insert into attemper_calendar_day (CALENDAR_NAME, DAY_NUM, REMARK) values('Working','20200628','周末');
insert into attemper_calendar_day (CALENDAR_NAME, DAY_NUM, REMARK) values('Working','20200704','周末');
insert into attemper_calendar_day (CALENDAR_NAME, DAY_NUM, REMARK) values('Working','20200705','周末');
insert into attemper_calendar_day (CALENDAR_NAME, DAY_NUM, REMARK) values('Working','20200711','周末');
insert into attemper_calendar_day (CALENDAR_NAME, DAY_NUM, REMARK) values('Working','20200712','周末');
insert into attemper_calendar_day (CALENDAR_NAME, DAY_NUM, REMARK) values('Working','20200718','周末');
insert into attemper_calendar_day (CALENDAR_NAME, DAY_NUM, REMARK) values('Working','20200719','周末');
insert into attemper_calendar_day (CALENDAR_NAME, DAY_NUM, REMARK) values('Working','20200725','周末');
insert into attemper_calendar_day (CALENDAR_NAME, DAY_NUM, REMARK) values('Working','20200726','周末');
insert into attemper_calendar_day (CALENDAR_NAME, DAY_NUM, REMARK) values('Working','20200801','周末');
insert into attemper_calendar_day (CALENDAR_NAME, DAY_NUM, REMARK) values('Working','20200802','周末');
insert into attemper_calendar_day (CALENDAR_NAME, DAY_NUM, REMARK) values('Working','20200808','周末');
insert into attemper_calendar_day (CALENDAR_NAME, DAY_NUM, REMARK) values('Working','20200809','周末');
insert into attemper_calendar_day (CALENDAR_NAME, DAY_NUM, REMARK) values('Working','20200815','周末');
insert into attemper_calendar_day (CALENDAR_NAME, DAY_NUM, REMARK) values('Working','20200816','周末');
insert into attemper_calendar_day (CALENDAR_NAME, DAY_NUM, REMARK) values('Working','20200822','周末');
insert into attemper_calendar_day (CALENDAR_NAME, DAY_NUM, REMARK) values('Working','20200823','周末');
insert into attemper_calendar_day (CALENDAR_NAME, DAY_NUM, REMARK) values('Working','20200829','周末');
insert into attemper_calendar_day (CALENDAR_NAME, DAY_NUM, REMARK) values('Working','20200830','周末');
insert into attemper_calendar_day (CALENDAR_NAME, DAY_NUM, REMARK) values('Working','20200905','周末');
insert into attemper_calendar_day (CALENDAR_NAME, DAY_NUM, REMARK) values('Working','20200906','周末');
insert into attemper_calendar_day (CALENDAR_NAME, DAY_NUM, REMARK) values('Working','20200912','周末');
insert into attemper_calendar_day (CALENDAR_NAME, DAY_NUM, REMARK) values('Working','20200913','周末');
insert into attemper_calendar_day (CALENDAR_NAME, DAY_NUM, REMARK) values('Working','20200919','周末');
insert into attemper_calendar_day (CALENDAR_NAME, DAY_NUM, REMARK) values('Working','20200920','周末');
insert into attemper_calendar_day (CALENDAR_NAME, DAY_NUM, REMARK) values('Working','20200926','周末');
insert into attemper_calendar_day (CALENDAR_NAME, DAY_NUM, REMARK) values('Working','20200927','周末');
insert into attemper_calendar_day (CALENDAR_NAME, DAY_NUM, REMARK) values('Working','20201003','周末');
insert into attemper_calendar_day (CALENDAR_NAME, DAY_NUM, REMARK) values('Working','20201004','周末');
insert into attemper_calendar_day (CALENDAR_NAME, DAY_NUM, REMARK) values('Working','20201010','周末');
insert into attemper_calendar_day (CALENDAR_NAME, DAY_NUM, REMARK) values('Working','20201011','周末');
insert into attemper_calendar_day (CALENDAR_NAME, DAY_NUM, REMARK) values('Working','20201017','周末');
insert into attemper_calendar_day (CALENDAR_NAME, DAY_NUM, REMARK) values('Working','20201018','周末');
insert into attemper_calendar_day (CALENDAR_NAME, DAY_NUM, REMARK) values('Working','20201024','周末');
insert into attemper_calendar_day (CALENDAR_NAME, DAY_NUM, REMARK) values('Working','20201025','周末');
insert into attemper_calendar_day (CALENDAR_NAME, DAY_NUM, REMARK) values('Working','20201031','周末');
insert into attemper_calendar_day (CALENDAR_NAME, DAY_NUM, REMARK) values('Working','20201101','周末');
insert into attemper_calendar_day (CALENDAR_NAME, DAY_NUM, REMARK) values('Working','20201107','周末');
insert into attemper_calendar_day (CALENDAR_NAME, DAY_NUM, REMARK) values('Working','20201108','周末');
insert into attemper_calendar_day (CALENDAR_NAME, DAY_NUM, REMARK) values('Working','20201114','周末');
insert into attemper_calendar_day (CALENDAR_NAME, DAY_NUM, REMARK) values('Working','20201115','周末');
insert into attemper_calendar_day (CALENDAR_NAME, DAY_NUM, REMARK) values('Working','20201121','周末');
insert into attemper_calendar_day (CALENDAR_NAME, DAY_NUM, REMARK) values('Working','20201122','周末');
insert into attemper_calendar_day (CALENDAR_NAME, DAY_NUM, REMARK) values('Working','20201128','周末');
insert into attemper_calendar_day (CALENDAR_NAME, DAY_NUM, REMARK) values('Working','20201129','周末');
insert into attemper_calendar_day (CALENDAR_NAME, DAY_NUM, REMARK) values('Working','20201205','周末');
insert into attemper_calendar_day (CALENDAR_NAME, DAY_NUM, REMARK) values('Working','20201206','周末');
insert into attemper_calendar_day (CALENDAR_NAME, DAY_NUM, REMARK) values('Working','20201212','周末');
insert into attemper_calendar_day (CALENDAR_NAME, DAY_NUM, REMARK) values('Working','20201213','周末');
insert into attemper_calendar_day (CALENDAR_NAME, DAY_NUM, REMARK) values('Working','20201219','周末');
insert into attemper_calendar_day (CALENDAR_NAME, DAY_NUM, REMARK) values('Working','20201220','周末');
insert into attemper_calendar_day (CALENDAR_NAME, DAY_NUM, REMARK) values('Working','20201226','周末');
insert into attemper_calendar_day (CALENDAR_NAME, DAY_NUM, REMARK) values('Working','20201227','周末');

/*Data for the table attemper_role */

insert  into attemper_role(ROLE_NAME,DISPLAY_NAME) values ('admin','超管');
insert  into attemper_role(ROLE_NAME,DISPLAY_NAME) values ('tenants','租户');

/*Data for the table attemper_role_resource */

insert  into attemper_role_resource(ROLE_NAME,RESOURCE_NAME) values ('admin','calendar');
insert  into attemper_role_resource(ROLE_NAME,RESOURCE_NAME) values ('admin','calendar-saveDate');
insert  into attemper_role_resource(ROLE_NAME,RESOURCE_NAME) values ('admin','dispatch');
insert  into attemper_role_resource(ROLE_NAME,RESOURCE_NAME) values ('admin','executor');
insert  into attemper_role_resource(ROLE_NAME,RESOURCE_NAME) values ('admin','monitor');
insert  into attemper_role_resource(ROLE_NAME,RESOURCE_NAME) values ('admin','scheduler');
insert  into attemper_role_resource(ROLE_NAME,RESOURCE_NAME) values ('admin','sys');
insert  into attemper_role_resource(ROLE_NAME,RESOURCE_NAME) values ('admin','role');
insert  into attemper_role_resource(ROLE_NAME,RESOURCE_NAME) values ('admin','tenant');
insert  into attemper_role_resource(ROLE_NAME,RESOURCE_NAME) values ('admin','tenant-add');
insert  into attemper_role_resource(ROLE_NAME,RESOURCE_NAME) values ('admin','tenant-remove');
insert  into attemper_role_resource(ROLE_NAME,RESOURCE_NAME) values ('admin','tenant-update');
insert  into attemper_role_resource(ROLE_NAME,RESOURCE_NAME) values ('tenants','application');
insert  into attemper_role_resource(ROLE_NAME,RESOURCE_NAME) values ('tenants','arg');
insert  into attemper_role_resource(ROLE_NAME,RESOURCE_NAME) values ('tenants','calendar');
insert  into attemper_role_resource(ROLE_NAME,RESOURCE_NAME) values ('tenants','datasource');
insert  into attemper_role_resource(ROLE_NAME,RESOURCE_NAME) values ('tenants','delay');
insert  into attemper_role_resource(ROLE_NAME,RESOURCE_NAME) values ('tenants','dispatch');
insert  into attemper_role_resource(ROLE_NAME,RESOURCE_NAME) values ('tenants','gist');
insert  into attemper_role_resource(ROLE_NAME,RESOURCE_NAME) values ('tenants','job');
insert  into attemper_role_resource(ROLE_NAME,RESOURCE_NAME) values ('tenants','monitor');
insert  into attemper_role_resource(ROLE_NAME,RESOURCE_NAME) values ('tenants','project');
insert  into attemper_role_resource(ROLE_NAME,RESOURCE_NAME) values ('tenants','retry');
insert  into attemper_role_resource(ROLE_NAME,RESOURCE_NAME) values ('tenants','sys');

insert  into attemper_role_resource(ROLE_NAME,RESOURCE_NAME) values ('tenants','tenant');
insert  into attemper_role_resource(ROLE_NAME,RESOURCE_NAME) values ('tenants','tenant-update');
insert  into attemper_role_resource(ROLE_NAME,RESOURCE_NAME) values ('tenants','total');

/*Data for the table attemper_role_tenant */

insert  into attemper_role_tenant(ROLE_NAME,USER_NAME) values ('admin','attemper');

/*Data for the table attemper_tenant */

insert  into attemper_tenant(USER_NAME,DISPLAY_NAME,PASSWORD,STATUS,SUPER_ADMIN,SEND_CONFIG) values ('attemper','调度中心','ZPARvFp+rhOK2hl1WZu2LMb60dsQCRKKOQ43ak2NYFE=',0,1,'0');
